Negative,Magnification,,Scan,,Alignment sf of area,Pre-Test Downscaling,,sf,Final sf_L,Final sf_A,1/sf_L,1/sf_A,Special Notice
Name,(nm/nm),(mm/nm),(ppi = pix/in),(pix/mm),det(S) (pix2/pix2),in res,out res,(pix/pix),(pix/nm),(pix2/nm2),(nm/pix),(nm2/pix2),
1hr2767_1,60000,0.06,720,28.34645669,4.431197259,4198,512,0.1219628394,0.4366546593,0.1906672915,2.290139309,5.244738057,
1hr2768_2,60000,0.06,720,28.34645669,4.22174197,4198,512,0.1219628394,0.4262097691,0.1816547673,2.346262504,5.504947736,
1hr2769_3,60000,0.06,720,28.34645669,4.202867725,4198,512,0.1219628394,0.4252559687,0.1808426389,2.351524902,5.529669364,
1hr2770_4,60000,0.06,720,28.34645669,4.259292718,4198,512,0.1219628394,0.4281010577,0.1832705156,2.335897055,5.456415053,
2789,,,,,,,512,,0.4290553637,0.1841088033,2.330955943,5.433942552,
,,,,,,,512,,,,,,
1hr2761_2,49000,0.049,720,28.34645669,4.156612644,4989,512,0.1026257767,0.2906170527,0.08445827132,3.44095431,11.84016656,
1hr2760_1,49000,0.049,720,28.34645669,4.051674325,4989,512,0.1026257767,0.2869251263,0.08232602813,3.485229798,12.14682674,
2761,,,,,4.104143485,,512,,0.2887710895,0.08339214972,3.463092054,11.99349665,
,,,,,,,512,,,,,,
1hr2759,49000,0.049,720,28.34645669,3.938140227,5268,512,0.09719058466,0.2678950214,0.07176774247,3.732805466,13.93383665,
,,,,,,,512,,,,,,
1hr2757_2,49000,0.049,720,28.34645669,4.109618852,4740,512,0.1080168776,0.3041496014,0.09250698002,3.287855698,10.80999509,train data
1hr2756_1,49000,0.049,720,28.34645669,4.099684772,4740,512,0.1080168776,0.3037817723,0.09228336519,3.291836743,10.83618914,train data
2756,,,,,4.04914795,,512,,0.3039656868,0.09239517261,3.289846221,10.82309212,
,,,,,,,512,,,,,,
1hr2752_2,49000,0.049,720,28.34645669,4.166016322,4786,512,0.1069786878,0.3032861724,0.09198250235,3.297215934,10.87163291,
1hr2753_3,49000,0.049,720,28.34645669,4.013093355,4786,512,0.1069786878,0.2976677316,0.08860607843,3.359450467,11.28590744,
1hr2751_1,49000,0.049,720,28.34645669,4.221846033,4786,512,0.1069786878,0.3053116118,0.09321518031,3.275342179,10.72786639,
2753,,,,,4.133651903,,512,,0.3020885053,0.09126792036,3.310669527,10.96180225,
,,,,,,,512,,,,,,
1hr2750_5,60000,0.06,720,28.34645669,4.164083095,n/a is train data,512,#VALUE!,#VALUE!,#VALUE!,#VALUE!,#VALUE!,train data
1hr2750_3,60000,0.06,720,28.34645669,4.147144524,n/a is train data,512,#VALUE!,#VALUE!,#VALUE!,#VALUE!,#VALUE!,train data
1hr2750_2,60000,0.06,720,28.34645669,4.176514159,n/a is train data,512,#VALUE!,#VALUE!,#VALUE!,#VALUE!,#VALUE!,train data
1hr2750_4,60000,0.06,720,28.34645669,4.19010115,n/a is train data,512,#VALUE!,#VALUE!,#VALUE!,#VALUE!,#VALUE!,train data
2750,,,,,4.169460732,,512,,#VALUE!,#VALUE!,#VALUE!,#VALUE!,
,,,,,,,512,,,,,,
1hr2745_1,60000,0.06,720,28.34645669,4.062442206,5024,512,0.101910828,0.3493525827,0.122047227,2.862437691,8.193549533,
1hr2746_2,60000,0.06,720,28.34645669,4.0519471,5024,512,0.101910828,0.3489010238,0.1217319244,2.866142349,8.214771965,
2745,,,,,4.094616679,,512,,0.3491268032,0.1218895757,2.86429002,8.204160749,
,,,,,,,512,,,,,,
1hr2739_1,60000,0.06,720,28.34645669,4.054786232,4502,512,0.1137272323,0.3894919464,0.1517039763,2.567447182,6.59178503,
1hr2740_2,60000,0.06,720,28.34645669,4.161030172,4502,512,0.1137272323,0.3945617062,0.15567894,2.534457815,6.423476418,
1hr2741_3,60000,0.06,720,28.34645669,4.251901687,4502,512,0.1137272323,0.3988467959,0.1590787666,2.507228365,6.286194073,
1hr2742_4,60000,0.06,720,28.34645669,4.160477782,4502,512,0.1137272323,0.3945355157,0.1556582731,2.534626061,6.424329268,
2741,,,,,4.157048968,,512,,0.3943589911,0.155529989,2.535939856,6.431446197,
,,,,,,,512,,,,,,
1hr2734_4,60000,0.06,720,28.34645669,4.08305775,4458,512,0.1148497084,0.3947050549,0.1557920803,2.533537353,6.41881152,train data
1hr2733_3,60000,0.06,720,28.34645669,4.102210568,4458,512,0.1148497084,0.3956297135,0.1565228702,2.527616015,6.38884272,train data
1hr2732_2,60000,0.06,720,28.34645669,4.12560206,4458,512,0.1148497084,0.3967560836,0.1574153899,2.520440244,6.352619022,train data
1hr2731_1,60000,0.06,720,28.34645669,4.139112015,4458,512,0.1148497084,0.3974051738,0.1579308722,2.516323556,6.331884237,train data
2734,,,,,4.112495598,,512,,0.3961240064,0.1569153031,2.524479292,6.373039375,
,,,,,,,512,,,,,,
1hr2530_2,60000,0.06,720,28.34645669,4.1712109,4988,512,0.1026463512,0.3565534317,0.1271303496,2.804628735,7.86594234,
1hr2531_3,60000,0.06,720,28.34645669,4.169594329,4988,512,0.1026463512,0.3564843331,0.1270810797,2.805172366,7.868992002,
1hr2529_1,60000,0.06,720,28.34645669,4.137371796,4988,512,0.1026463512,0.35510421,0.1260989999,2.816074752,7.930277008,
2530,,,,,4.159392342,,512,,0.3560473249,0.1267701431,2.808625284,7.888403784,
,,,,,,,512,,,,,,
2hr2364_3,60000,0.06,720,28.34645669,3.613876602,3690,512,0.1387533875,0.4486217081,0.201261437,2.229049513,4.968661731,
2hr2363_2,60000,0.06,720,28.34645669,3.903514075,3690,512,0.1387533875,0.4662528504,0.2173917205,2.144759006,4.599991194,
2hr2362_1,60000,0.06,720,28.34645669,3.854639176,3690,512,0.1387533875,0.4633247398,0.2146698145,2.158313412,4.658316785,
2364,,,,,3.790676618,,512,,0.4593997661,0.2111076573,2.177373977,4.742323237,
,,,,,,,512,,,,,,
2hr2360_2,60000,0.06,720,28.34645669,3.889777879,3758,512,0.1362426823,0.4570099088,0.2088580568,2.188136363,4.787940745,not used
2hr2361_3,60000,0.06,720,28.34645669,3.886467233,3758,512,0.1362426823,0.4568153836,0.2086802947,2.189068136,4.792019302,not used
2hr2359_1,60000,0.06,720,28.34645669,3.834077173,3758,512,0.1362426823,0.4537259728,0.2058672584,2.203973455,4.85749899,not used
2361,,,,,3.870107428,,512,,0.4558504218,0.20780187,2.193725985,4.812486346,
,,,,,,,512,,,,,,
2hr2357_2,60000,0.06,720,28.34645669,3.631151833,3521,512,0.1454132349,0.471276919,0.2221019344,2.121894707,4.502437147,
2hr2356_1,60000,0.06,720,28.34645669,3.631033147,3521,512,0.1454132349,0.471269217,0.2220946749,2.121929385,4.502584317,
2356,,,,,3.710764136,,512,,0.471273068,0.2220983047,2.121912046,4.502510732,
,,,,,,,512,,,,,,
,,,,,,,512,,,,,,
2hr2355_3,60000,0.06,720,28.34645669,3.987379484,3792,512,0.135021097,0.4585592385,0.2102765752,2.180743328,4.755641464,
2hr2354_2,60000,0.06,720,28.34645669,4.021681665,3792,512,0.135021097,0.4605274356,0.2120855189,2.171423291,4.715079111,
2hr2353_1,60000,0.06,720,28.34645669,4.011573293,3792,512,0.135021097,0.4599483108,0.2115524486,2.174157349,4.726960178,
2354,,,,,4.006878147,,512,,0.4596783283,0.2113048476,2.175441323,4.732560251,
,,,,,,,512,,,,,,
2hr2350_1,60000,0.06,720,28.34645669,4.126413344,3894,512,0.1314843349,0.4542661839,0.2063577658,2.201352501,4.845952834,not used
2hr2352_3,60000,0.06,720,28.34645669,3.929667151,3894,512,0.1314843349,0.443304283,0.1965186873,2.255786913,5.088574597,not used
2hr2351_2,60000,0.06,720,28.34645669,3.948368758,3894,512,0.1314843349,0.4443578916,0.1974539358,2.250438259,5.064472359,not used
2353,,,,,4.001483084,,512,,0.4473094528,0.2001101296,2.235859224,4.999666597,
,,,,,,,512,,,,,,
2hr2348_2,60000,0.06,720,28.34645669,4.194300596,4012,512,0.1276171486,0.4445174792,0.1975957893,2.249630322,5.060836586,
2hr2349_3,60000,0.06,720,28.34645669,4.088584659,4012,512,0.1276171486,0.4388797716,0.1926154539,2.278528346,5.191691424,
2hr2347_1,60000,0.06,720,28.34645669,4.530705915,4012,512,0.1276171486,0.4620000297,0.2134440275,2.164502025,4.685069017,
2349,,,,,4.271197057,,512,,0.4484657602,0.2012184236,2.230886898,4.979199009,
,,,,,,,512,,,,,,
2hr2341_1,60000,0.06,720,28.34645669,4.26529112,3758,512,0.1362426823,0.4785612771,0.229020896,2.089596563,4.366413797,train data
2hr2343_3,60000,0.06,720,28.34645669,4.330732949,3758,512,0.1362426823,0.4822185552,0.232534735,2.073748489,4.300432794,train data
2hr2342_2,60000,0.06,720,28.34645669,4.309853207,3758,512,0.1362426823,0.4810546916,0.2314136164,2.078765715,4.321266898,train data
2340,,,,,4.301959092,,512,,0.480611508,0.2309897491,2.080703589,4.329371163,
,,,,,,,512,,,,,,
2hr2331_2,60000,0.06,720,28.34645669,4.11072662,4199,512,0.1219337938,0.4204684503,0.1767937177,2.378299726,5.656309585,
2hr2330_1,60000,0.06,720,28.34645669,4.022131513,4199,512,0.1219337938,0.4159127652,0.1729834282,2.404350344,5.780900576,
2331,,,,,4.144939075,,512,,0.4181906077,0.174888573,2.391325035,5.718605081,
,,,,,,,512,,,,,,
2hr2311_3,60000,0.06,720,28.34645669,3.947726293,3758,512,0.1362426823,0.4604015027,0.2119695437,2.172017237,4.717658879,not used
2hr2310_2,60000,0.06,720,28.34645669,3.884164827,3758,512,0.1362426823,0.4566800511,0.2085566691,2.189716843,4.794859854,not used
2hr2309_1,60000,0.06,720,28.34645669,3.869333598,3758,512,0.1362426823,0.4558073276,0.2077603199,2.193909443,4.813238643,not used
2317,,,,,3.900408239,,512,,0.4576296271,0.2094288442,2.185214508,4.775252459,
,,,,,,,512,,,,,,
2hr2316_2,60000,0.06,720,28.34645669,3.86680841,3928,512,0.1303462322,0.4359381123,0.1900420378,2.293903588,5.261993671,train data
2hr2315_1,60000,0.06,720,28.34645669,3.920471518,3928,512,0.1303462322,0.4389526382,0.1926794186,2.278150108,5.189967913,train data
2hr2317_3,60000,0.06,720,28.34645669,3.905573811,3928,512,0.1303462322,0.4381178391,0.191947241,2.282490943,5.209764907,train data
2315,,,,,3.897617913,,512,,0.4376695299,0.1915562324,2.284848213,5.220575497,
,,,,,,,512,,,,,,
2hr2329_3,60000,0.06,720,28.34645669,4.102056906,3690,512,0.1387533875,0.4779632059,0.2284488262,2.092211258,4.377347946,
2hr2328_2,60000,0.06,720,28.34645669,4.164288768,3690,512,0.1387533875,0.4815751225,0.2319145986,2.076519225,4.31193209,
2hr2327_1,60000,0.06,720,28.34645669,4.2372378,3690,512,0.1387533875,0.4857748697,0.2359772241,2.058566761,4.237697108,
2314,,,,,4.167861158,,512,,0.481771066,0.2321135496,2.075765748,4.308992382,
,,,,,,,512,,,,,,
2hr2308_3,60000,0.06,720,28.34645669,3.945105852,3656,512,0.1400437637,0.4730893095,0.2238134947,2.113765794,4.468005833,
2hr2307_2,60000,0.06,720,28.34645669,3.908774103,3656,512,0.1400437637,0.470905855,0.2217523243,2.123566716,4.509535597,
2hr2306_1,60000,0.06,720,28.34645669,3.90027926,3656,512,0.1400437637,0.4703938726,0.2212703954,2.125878032,4.519357406,
2312,,,,,3.918053072,,512,,0.4714630123,0.2222787381,2.121070181,4.498966279,
,,,,,,,512,,,,,,
4hr2506_2,60000,0.06,720,28.34645669,4.150138247,5333,512,0.09600600038,0.3326439962,0.1106520282,3.00621689,9.037339992,
4hr2505_1,60000,0.06,720,28.34645669,4.161809913,5333,512,0.09600600038,0.3331114245,0.1109632211,3.00199851,9.011995054,
4hr2507_3,60000,0.06,720,28.34645669,4.162264745,5333,512,0.09600600038,0.3331296264,0.110975348,3.001834484,9.011010267,
2507,,,,,4.158070968,,512,,0.3329616824,0.1108635324,1,9.020115105,
,,,,,,,512,,,,,,
4hr2498_3,60000,0.06,720,28.34645669,4.410412497,5082,512,0.1007477371,0.3598528408,0.129494067,2.77891373,7.722361518,
4hr2497_2,60000,0.06,720,28.34645669,4.362933582,5082,512,0.1007477371,0.3579106581,0.1281000392,2.793993354,7.806398861,
4hr2496_1,60000,0.06,720,28.34645669,4.164177725,5082,512,0.1007477371,0.349663225,0.1222643709,2.859894689,8.178997631,
2495,,,,,4.312507935,,512,,0.355808908,0.1266194924,2.810933924,7.902586003,
,,,,,,,512,,,,,,
4hr2419_3,49000,0.049,720,28.34645669,3.988111667,4294,512,0.1192361435,0.3307397819,0.1093888034,3.023525002,9.14170344,
4hr2417_1,49000,0.049,720,28.34645669,4.211154773,4294,512,0.1192361435,0.3398626054,0.1155065905,2.942365486,8.657514651,
4hr2418_2,49000,0.049,720,28.34645669,3.984787221,4294,512,0.1192361435,0.3306019027,0.1092976181,3.024785979,9.149330221,
2465,,,,,4.06135122,,512,,0.3337347633,0.1113976707,2.996892156,8.982849438,
,,,,,,,512,,,,,,
4hr2443_3,49000,0.049,720,28.34645669,4.149161238,5269,512,0.09717213893,0.2749266108,0.07558464132,3.637334331,13.23020104,train data
4hr2442_2,49000,0.049,720,28.34645669,4.150936624,5269,512,0.09717213893,0.2749854237,0.07561698325,3.636556391,13.22454238,train data
4hr2441_1,49000,0.049,720,28.34645669,4.15261866,5269,512,0.09717213893,0.2750411326,0.07564762465,3.635819815,13.21918573,train data
2443,,,,,4.150905507,,512,,0.274984389,0.07561641641,3.636570179,13.22464305,
,,,,,,,512,,,,,,
4hr2437_3,49000,0.049,720,28.34645669,4.100726576,5234,512,0.09782193351,0.2751449264,0.07570473051,3.634448264,13.20921418,
4hr2435_1,49000,0.049,720,28.34645669,4.029696479,5234,512,0.09782193351,0.2727515771,0.07439342281,3.666339937,13.44204853,
4hr2436_2,49000,0.049,720,28.34645669,4.012389223,5234,512,0.09782193351,0.2721652227,0.07407390842,3.674238723,13.50003019,
2436,,,,,4.047604093,,512,,0.2733539087,0.07472402058,3.658342308,13.3837643,
,,,,,,,512,,,,,,
4hr2433_2,49000,0.049,720,28.34645669,4.134617851,4914,512,0.1041921042,0.2942709263,0.08659537808,3.398229015,11.54796044,
4hr2434_3,49000,0.049,720,28.34645669,4.07499247,4914,512,0.1041921042,0.2921413783,0.08534658494,3.423000212,11.71693045,
4hr2432_1,49000,0.049,720,28.34645669,4.187807873,4914,512,0.1041921042,0.2961577099,0.08770938915,3.376579324,11.40128793,
2434,,,,,4.132472731,,512,,0.2941900049,0.08655045072,3.399269517,11.55539294,
,,,,,,,512,,,,,,
4hr2413_1,60000,0.06,720,28.34645669,3.99719503,5127,512,0.09986346791,0.3395739317,0.1153104551,2.944866807,8.67224051,
,,,,,,,512,,,,,,
4hr2414_1,49000,0.049,720,28.34645669,4.058529718,4796,512,0.1067556297,0.2987239282,0.08923598527,3.347572476,11.20624148,
4hr2415_2,49000,0.049,720,28.34645669,4.033296539,4796,512,0.1067556297,0.2977938491,0.08868117658,3.358027719,11.27635016,
4hr2416_3,49000,0.049,720,28.34645669,4.038041119,4796,512,0.1067556297,0.297968953,0.08878549693,3.356054347,11.26310078,
2414,,,,,4.043289125,,512,,0.2981622434,0.08890088626,3.353884848,11.24856414,
,,,,,,,512,,,,,,
10hr2431,49000,0.049,720,28.34645669,4.619928852,5379,512,0.09518497862,0.2841717621,0.08075359036,3.518998484,12.38335033,
10hr2429,49000,0.049,720,28.34645669,4.563621072,5379,512,0.09518497862,0.2824347076,0.07976936407,3.540641334,12.53614106,
2429,,,,,4.40894635,,512,,0.2833032348,0.08026147721,3.529819909,12.45974569,
,,,,,,,512,,,,,,
10hr2427_2,49000,0.049,720,28.34645669,5.169866539,5846,512,0.08758125214,0.2765958602,0.07650526987,3.615383106,13.070995,train data
10hr2426_1,49000,0.049,720,28.34645669,5.182310337,5846,512,0.08758125214,0.2769285413,0.07668941701,3.611039856,13.03960884,train data
10hr2426_3,49000,0.049,720,28.34645669,5.173941662,5846,512,0.08758125214,0.2767048514,0.07656557479,3.613959043,13.06069997,train data
2426,,,,,5.175372846,,512,,0.2767430843,0.07658675389,3.613460668,13.05710127,
,,,,,,,512,,,,,,
10hr2405_2,49000,0.049,720,28.34645669,4.971759796,5863,512,0.08732730684,0.2704581018,0.07314758485,3.697430372,13.67099135,
10hr2406_3,49000,0.049,720,28.34645669,4.949416601,5863,512,0.08732730684,0.2698496953,0.07281885804,3.705766645,13.73270643,
10hr2404_1,49000,0.049,720,28.34645669,4.933328899,5863,512,0.08732730684,0.2694107754,0.07258216588,3.711804024,13.77748911,
2405,,,,,4.951501765,,512,,0.2699061908,0.07284953625,3.705000347,13.7270623,
,,,,,,,512,,,,,,
10hr2402_3,49000,0.049,720,28.34645669,1.218067614,2778,512,0.1843052556,0.2825324123,0.07982456401,3.539416918,12.52747212,
10hr2401_2,49000,0.049,720,28.34645669,1.250282789,2778,512,0.1843052556,0.2862442068,0.08193574591,3.493520485,12.20468538,
10hr2400_1,49000,0.049,720,28.34645669,1.255741058,2778,512,0.1843052556,0.2868683441,0.08229344686,3.485919658,12.15163586,
2400,,,,,1.24136382,,512,,0.2852149877,0.08135125226,3.506285687,12.29459779,
,,,,,,,512,,,,,,
10hr2159_1,60000,0.06,720,28.34645669,4.10726272,4848,512,0.1056105611,0.364027021,0.132515672,2.747048824,7.546277243,
10hr2160_2,60000,0.06,720,28.34645669,4.127717286,4848,512,0.1056105611,0.3649323402,0.1331756129,2.740233983,7.508882282,
10hr2162_4,60000,0.06,720,28.34645669,4.038786965,4848,512,0.1056105611,0.3609797609,0.1303063878,2.770238413,7.674220864,
10hr2161_3,60000,0.06,720,28.34645669,4.080891629,4848,512,0.1056105611,0.3628565032,0.1316648419,2.75591037,7.595041969,
2159,,,,,4.08866465,,512,,0.3631989063,0.1319156286,2.753357898,7.581105589,
,,,,,,,512,,,,,,
10hr2155_1,60000,0.06,720,28.34645669,5.086248577,5040,512,0.1015873016,0.3896621706,0.1518366072,2.56632559,6.586027036,
,,,,,,,512,,,,,,
10hr2153_2,60000,0.06,720,28.34645669,4.279346659,5117,512,0.1000586281,0.3520410508,0.1239329015,2.840577818,8.068882339,
10hr2154_3,60000,0.06,720,28.34645669,4.324671557,5117,512,0.1000586281,0.3539004698,0.1252455425,2.825653214,7.984316086,
10hr2152_1,60000,0.06,720,28.34645669,4.413536641,5117,512,0.1000586281,0.3575180249,0.1278191381,2.797061771,7.823554552,
2153,,,,,4.339184952,,512,,0.3544865152,0.1256658607,2.821097601,7.958917659,
,,,,,,,512,,,,,,
10hr2146_3,60000,0.06,720,28.34645669,5.151264457,5282,512,0.09693297993,0.374178231,0.1400093486,2.672523191,7.142380206,
10hr2145_2,60000,0.06,720,28.34645669,5.170467738,5282,512,0.09693297993,0.3748750275,0.1405312862,2.667555656,7.11585318,
10hr2147_4,60000,0.06,720,28.34645669,5.16964007,5282,512,0.09693297993,0.374845022,0.1405087905,2.667769188,7.11699244,
10hr2144_1,60000,0.06,720,28.34645669,5.157886793,5282,512,0.09693297993,0.3744186708,0.1401893411,2.670806981,7.133209931,
2144,,,,,5.162314765,,512,,0.3745792378,0.1403096916,2.669663754,7.127108939,
,,,,,,,512,,,,,,
10hr2136_1,60000,0.06,720,28.34645669,5.130166456,5763,512,0.08884261669,0.3422449904,0.1171316335,2.921883528,8.537403349,
10hr2138_3,60000,0.06,720,28.34645669,5.140657621,5763,512,0.08884261669,0.3425947564,0.1173711671,2.918900483,8.519980032,
10hr2137_2,60000,0.06,720,28.34645669,5.135452314,5763,512,0.08884261669,0.3424212608,0.1172523199,2.920379411,8.528615905,
10hr2139_4,60000,0.06,720,28.34645669,5.145116395,5763,512,0.08884261669,0.3427432998,0.1174729695,2.917635445,8.512596591,
2136,,,,,5.137848197,,512,,0.3425010768,0.1173070225,2.919699717,8.524648969,
,,,,,,,512,,,,,,
10hr2127_3,60000,0.06,720,28.34645669,4.155832818,5059,512,0.1012057719,0.35090079,0.1231313644,2.849808346,8.121407611,
10hr2127_2,60000,0.06,720,28.34645669,4.144900682,5059,512,0.1012057719,0.3504389546,0.1228074609,2.853564043,8.142827746,
10hr2127_4,60000,0.06,720,28.34645669,4.172906165,5059,512,0.1012057719,0.3516208515,0.1236372232,2.843972409,8.088179064,
2127,,,,,4.157879888,,512,,0.3509868653,0.1231920162,2.849114933,8.117471474,